<?xml version="1.0" encoding="utf-8" standalone="yes"?>
<rss version="2.0" xmlns:atom="http://www.w3.org/2005/Atom" xmlns:content="http://purl.org/rss/1.0/modules/content/">
  <channel>
    <title>Author Name</title>
    <link>http://localhost:1313/hblog/</link>
    <description>Recent content on Author Name</description>
    <generator>Hugo -- gohugo.io</generator>
    <language>en-us</language>
    <lastBuildDate>Sun, 21 Apr 2024 00:00:00 +0000</lastBuildDate><atom:link href="http://localhost:1313/hblog/index.xml" rel="self" type="application/rss+xml" />
    <item>
      <title>Apr 21st, 2024</title>
      <link>http://localhost:1313/hblog/pages/apr-21st-2024/</link>
      <pubDate>Sun, 21 Apr 2024 00:00:00 +0000</pubDate>
      
      <guid>http://localhost:1313/hblog/pages/apr-21st-2024/</guid>
      <description>deneme</description>
    </item>
    
    <item>
      <title>deneme</title>
      <link>http://localhost:1313/hblog/pages/deneme/</link>
      <pubDate>Sun, 21 Apr 2024 00:00:00 +0000</pubDate>
      
      <guid>http://localhost:1313/hblog/pages/deneme/</guid>
      <description>Lorem Ipsum Nedir? deneme
deneme
deneme2
deneme3
efrfrf debenenene Lorem Ipsum, dizgi ve baskı endüstrisinde kullanılan mıgır metinlerdir. Lorem Ipsum, adı bilinmeyen bir matbaacının bir hurufat numune kitabı oluşturmak üzere bir yazı galerisini alarak karıştırdığı 1500&amp;rsquo;lerden beri endüstri standardı sahte metinler olarak kullanılmıştır. Beşyüz yıl boyunca varlığını sürdürmekle kalmamış, aynı zamanda pek değişmeden elektronik dizgiye de sıçramıştır. 1960&amp;rsquo;larda Lorem Ipsum pasajları da içeren Letraset yapraklarının yayınlanması ile ve yakın zamanda Aldus PageMaker gibi Lorem Ipsum sürümleri içeren masaüstü yayıncılık yazılımları ile popüler olmuştur.</description>
    </item>
    
    <item>
      <title>Apr 20th, 2024</title>
      <link>http://localhost:1313/hblog/pages/apr-20th-2024/</link>
      <pubDate>Sat, 20 Apr 2024 00:00:00 +0000</pubDate>
      
      <guid>http://localhost:1313/hblog/pages/apr-20th-2024/</guid>
      <description>DONE 12:27 [[quick capture]]: The world’s fastest framework for building websites | HugoDONE 12:28 [[quick capture]]: Windows Windows | Hugo
DONE 12:28 [[quick capture]]: The world’s fastest framework for building websites. GitHub - gohugoio/hugo: The world’s fastest framework for building websites.
12:28 [[quick capture]]: Logseq&amp;rsquo;teki sayfaları Hugo&amp;rsquo;ya aktarmak için bir eklenti. GitHub - sawhney17/logseq-schrodinger: Logseq&amp;rsquo;teki sayfaları Hugo&amp;rsquo;ya aktarmak için bir eklenti.
12:30 [[quick capture]]: Publish a Logseq graph to a website with Hugo Publish a Logseq graph to a website with Hugo {{video https://www.</description>
    </item>
    
    
    
  </channel>
</rss>
