[{"content":"deneme\n","permalink":"http://localhost:1313/hblog/pages/apr-21st-2024/","summary":"deneme","title":"Apr 21st, 2024"},{"content":"Lorem Ipsum Nedir? deneme\ndeneme\ndeneme2\ndeneme3\nefrfrf debenenene Lorem Ipsum, dizgi ve baskı endüstrisinde kullanılan mıgır metinlerdir. Lorem Ipsum, adı bilinmeyen bir matbaacının bir hurufat numune kitabı oluşturmak üzere bir yazı galerisini alarak karıştırdığı 1500\u0026rsquo;lerden beri endüstri standardı sahte metinler olarak kullanılmıştır. Beşyüz yıl boyunca varlığını sürdürmekle kalmamış, aynı zamanda pek değişmeden elektronik dizgiye de sıçramıştır. 1960\u0026rsquo;larda Lorem Ipsum pasajları da içeren Letraset yapraklarının yayınlanması ile ve yakın zamanda Aldus PageMaker gibi Lorem Ipsum sürümleri içeren masaüstü yayıncılık yazılımları ile popüler olmuştur.\nNeden Kullanırız? Yinelenen bir sayfa içeriğinin okuyucunun dikkatini dağıttığı bilinen bir gerçektir. Lorem Ipsum kullanmanın amacı, sürekli \u0026lsquo;buraya metin gelecek, buraya metin gelecek\u0026rsquo; yazmaya kıyasla daha dengeli bir harf dağılımı sağlayarak okunurluğu artırmasıdır. Şu anda birçok masaüstü yayıncılık paketi ve web sayfa düzenleyicisi, varsayılan mıgır metinler olarak Lorem Ipsum kullanmaktadır. Ayrıca arama motorlarında \u0026rsquo;lorem ipsum\u0026rsquo; anahtar sözcükleri ile arama yapıldığında henüz tasarım aşamasında olan çok sayıda site listelenir. Yıllar içinde, bazen kazara, bazen bilinçli olarak (örneğin mizah katılarak), çeşitli sürümleri geliştirilmiştir.\nNereden Gelir? Yaygın inancın tersine, Lorem Ipsum rastgele sözcüklerden oluşmaz. Kökleri M.Ö. 45 tarihinden bu yana klasik Latin edebiyatına kadar uzanan 2000 yıllık bir geçmişi vardır. Virginia\u0026rsquo;daki Hampden-Sydney College\u0026rsquo;dan Latince profesörü Richard McClintock, bir Lorem Ipsum pasajında geçen ve anlaşılması en güç sözcüklerden biri olan \u0026lsquo;consectetur\u0026rsquo; sözcüğünün klasik edebiyattaki örneklerini incelediğinde kesin bir kaynağa ulaşmıştır. Lorm Ipsum, Çiçero tarafından M.Ö. 45 tarihinde kaleme alınan \u0026ldquo;de Finibus Bonorum et Malorum\u0026rdquo; (İyi ve Kötünün Uç Sınırları) eserinin 1.10.32 ve 1.10.33 sayılı bölümlerinden gelmektedir. Bu kitap, ahlak kuramı üzerine bir tezdir ve Rönesans döneminde çok popüler olmuştur. Lorem Ipsum pasajının ilk satırı olan \u0026ldquo;Lorem ipsum dolor sit amet\u0026rdquo; 1.10.32 sayılı bölümdeki bir satırdan gelmektedir.\n1500\u0026rsquo;lerden beri kullanılmakta olan standard Lorem Ipsum metinleri ilgilenenler için yeniden üretilmiştir. Çiçero tarafından yazılan 1.10.32 ve 1.10.33 bölümleri de 1914 H. Rackham çevirisinden alınan İngilizce sürümleri eşliğinde özgün biçiminden yeniden üretilmiştir.\nNereden Bulabilirim? Lorem Ipsum pasajlarının birçok çeşitlemesi vardır. Ancak bunların büyük bir çoğunluğu mizah katılarak veya rastgele sözcükler eklenerek değiştirilmişlerdir. Eğer bir Lorem Ipsum pasajı kullanacaksanız, metin aralarına utandırıcı sözcükler gizlenmediğinden emin olmanız gerekir. İnternet\u0026rsquo;teki tüm Lorem Ipsum üreteçleri önceden belirlenmiş metin bloklarını yineler. Bu da, bu üreteci İnternet üzerindeki gerçek Lorem Ipsum üreteci yapar. Bu üreteç, 200\u0026rsquo;den fazla Latince sözcük ve onlara ait cümle yapılarını içeren bir sözlük kullanır. Bu nedenle, üretilen Lorem Ipsum metinleri yinelemelerden, mizahtan ve karakteristik olmayan sözcüklerden uzaktır.\n","permalink":"http://localhost:1313/hblog/pages/deneme/","summary":"Lorem Ipsum Nedir? deneme\ndeneme\ndeneme2\ndeneme3\nefrfrf debenenene Lorem Ipsum, dizgi ve baskı endüstrisinde kullanılan mıgır metinlerdir. Lorem Ipsum, adı bilinmeyen bir matbaacının bir hurufat numune kitabı oluşturmak üzere bir yazı galerisini alarak karıştırdığı 1500\u0026rsquo;lerden beri endüstri standardı sahte metinler olarak kullanılmıştır. Beşyüz yıl boyunca varlığını sürdürmekle kalmamış, aynı zamanda pek değişmeden elektronik dizgiye de sıçramıştır. 1960\u0026rsquo;larda Lorem Ipsum pasajları da içeren Letraset yapraklarının yayınlanması ile ve yakın zamanda Aldus PageMaker gibi Lorem Ipsum sürümleri içeren masaüstü yayıncılık yazılımları ile popüler olmuştur.","title":"deneme"},{"content":"DONE 12:27 [[quick capture]]: The world’s fastest framework for building websites | HugoDONE 12:28 [[quick capture]]: Windows Windows | Hugo\nDONE 12:28 [[quick capture]]: The world’s fastest framework for building websites. GitHub - gohugoio/hugo: The world’s fastest framework for building websites.\n12:28 [[quick capture]]: Logseq\u0026rsquo;teki sayfaları Hugo\u0026rsquo;ya aktarmak için bir eklenti. GitHub - sawhney17/logseq-schrodinger: Logseq\u0026rsquo;teki sayfaları Hugo\u0026rsquo;ya aktarmak için bir eklenti.\n12:30 [[quick capture]]: Publish a Logseq graph to a website with Hugo Publish a Logseq graph to a website with Hugo {{video https://www.youtube.com/watch?v=RzT20ejft3c}}\n12:38 [[quick capture]]: My Top 5 Plugins for Logseq - YouTube {{video https://www.youtube.com/watch?v=oS2W8fW6rU0}}\nomnivore ?\n12:40 [[quick capture]]: Hugo ile websitesi kurup Github Pages ile yayınlamak Hugo ile websitesi kurup Github Pages ile yayınlamak | by Engin Kaya | Medium\n12:40 [[quick capture]]: 10 Adımda Hugo Kurulumu Nasıl Yapılır? 10 Adımda Hugo Kurulumu Nasıl Yapılır? - Berkan Demir\n","permalink":"http://localhost:1313/hblog/pages/apr-20th-2024/","summary":"DONE 12:27 [[quick capture]]: The world’s fastest framework for building websites | HugoDONE 12:28 [[quick capture]]: Windows Windows | Hugo\nDONE 12:28 [[quick capture]]: The world’s fastest framework for building websites. GitHub - gohugoio/hugo: The world’s fastest framework for building websites.\n12:28 [[quick capture]]: Logseq\u0026rsquo;teki sayfaları Hugo\u0026rsquo;ya aktarmak için bir eklenti. GitHub - sawhney17/logseq-schrodinger: Logseq\u0026rsquo;teki sayfaları Hugo\u0026rsquo;ya aktarmak için bir eklenti.\n12:30 [[quick capture]]: Publish a Logseq graph to a website with Hugo Publish a Logseq graph to a website with Hugo {{video https://www.","title":"Apr 20th, 2024"}]