<?xml version="1.0" encoding="utf-8" standalone="yes"?>
<rss version="2.0" xmlns:atom="http://www.w3.org/2005/Atom" xmlns:content="http://purl.org/rss/1.0/modules/content/">
  <channel>
    <title>Categories on Author Name</title>
    <link>http://localhost:1313/hblog/categories/</link>
    <description>Recent content in Categories on Author Name</description>
    <generator>Hugo -- gohugo.io</generator>
    <language>en-us</language>
    <lastBuildDate>Sun, 21 Apr 2024 00:00:00 +0000</lastBuildDate><atom:link href="http://localhost:1313/hblog/categories/index.xml" rel="self" type="application/rss+xml" />
    <item>
      <title>Deneme</title>
      <link>http://localhost:1313/hblog/categories/deneme/</link>
      <pubDate>Sun, 21 Apr 2024 00:00:00 +0000</pubDate>
      
      <guid>http://localhost:1313/hblog/categories/deneme/</guid>
      <description></description>
    </item>
    
  </channel>
</rss>
