<?xml version="1.0" encoding="utf-8" standalone="yes"?>
<rss version="2.0" xmlns:atom="http://www.w3.org/2005/Atom" xmlns:content="http://purl.org/rss/1.0/modules/content/">
  <channel>
    <title>Deneme on Author Name</title>
    <link>http://localhost:1313/hblog/categories/deneme/</link>
    <description>Recent content in Deneme on Author Name</description>
    <generator>Hugo -- gohugo.io</generator>
    <language>en-us</language>
    <lastBuildDate>Sun, 21 Apr 2024 00:00:00 +0000</lastBuildDate><atom:link href="http://localhost:1313/hblog/categories/deneme/index.xml" rel="self" type="application/rss+xml" />
    <item>
      <title>Apr 21st, 2024</title>
      <link>http://localhost:1313/hblog/pages/apr-21st-2024/</link>
      <pubDate>Sun, 21 Apr 2024 00:00:00 +0000</pubDate>
      
      <guid>http://localhost:1313/hblog/pages/apr-21st-2024/</guid>
      <description>deneme</description>
    </item>
    
    <item>
      <title>deneme</title>
      <link>http://localhost:1313/hblog/pages/deneme/</link>
      <pubDate>Sun, 21 Apr 2024 00:00:00 +0000</pubDate>
      
      <guid>http://localhost:1313/hblog/pages/deneme/</guid>
      <description>Lorem Ipsum Nedir? deneme
deneme
deneme2
deneme3
efrfrf debenenene Lorem Ipsum, dizgi ve baskı endüstrisinde kullanılan mıgır metinlerdir. Lorem Ipsum, adı bilinmeyen bir matbaacının bir hurufat numune kitabı oluşturmak üzere bir yazı galerisini alarak karıştırdığı 1500&amp;rsquo;lerden beri endüstri standardı sahte metinler olarak kullanılmıştır. Beşyüz yıl boyunca varlığını sürdürmekle kalmamış, aynı zamanda pek değişmeden elektronik dizgiye de sıçramıştır. 1960&amp;rsquo;larda Lorem Ipsum pasajları da içeren Letraset yapraklarının yayınlanması ile ve yakın zamanda Aldus PageMaker gibi Lorem Ipsum sürümleri içeren masaüstü yayıncılık yazılımları ile popüler olmuştur.</description>
    </item>
    
  </channel>
</rss>
